,code,name,country,daily_capacity,geo_lat,geo_lng
0,UT,Utrecht Centraal,NL,422868.6875,52.088890075684,5.1102776527405
1,ASD,Amsterdam Centraal,NL,366250.25,52.378887176514,4.9002776145935
2,SHL,Schiphol Airport,NL,240194.1875,52.30944442749,4.7619442939758
3,LEDN,Leiden Centraal,NL,223361.375,52.166110992432,4.4816665649414
4,GV,Den Haag HS,NL,135838.875,52.069721221924,4.3225002288818
5,GD,Gouda,NL,153052.3125,52.017501831055,4.7044444084167
6,RTD,Rotterdam Centraal,NL,214614.0625,51.92499923706,4.468888759613
7,DT,Delft,NL,131691.375,52.00666809082,4.3563890457153
8,EKZ,Enkhuizen,NL,38753.5625,52.699165344238,5.286388874054
9,BKF,Bovenkarspel Flora,NL,38753.5625,52.696109771729,5.2527775764465
10,BKG,Bovenkarspel-Grootebroek,NL,38753.5625,52.694999694824,5.2377777099609
11,HKS,Hoogkarspel,NL,38753.5625,52.69055557251,5.1838889122009
12,HNK,Hoorn Kersenboogerd,NL,54464.625,52.653610229492,5.0855555534363
13,HN,Hoorn,NL,69286.0625,52.644721984863,5.0555553436279
14,PMO,Purmerend Overwhere,NL,17119.0625,52.511390686035,4.9683332443237
15,PMR,Purmerend,NL,17119.0625,52.50305557251,4.9536108970642
16,PMW,Purmerend Weidevenne,NL,17119.0625,52.496590632542,4.9356293678284
17,ZDK,Zaandam Kogerveld,NL,17119.0625,52.456665039062,4.8202776908875
18,ZD,Zaandam,NL,100807.3125,52.438888549805,4.8136110305786
19,ASS,Amsterdam Sloterdijk,NL,273823.5625,52.388889312744,4.8377776145935
20,ASDL,Amsterdam Lelylaan,NL,50031.0,52.357776641846,4.8338890075684
21,HFD,Hoofddorp,NL,79590.4375,52.293334960938,4.7005553245544
22,LLS,Lelystad Centrum,NL,75070.875,52.507778167725,5.4727778434753
23,ALMO,Almere Oostvaarders,NL,32945.25,52.403331756592,5.3005557060242
24,ALMB,Almere Buiten,NL,54666.25,52.394165039062,5.2780556678772
25,ALMP,Almere Parkwijk,NL,32945.25,52.376667022705,5.244722366333
26,ALM,Almere Centrum,NL,138179.875,52.37503,5.21764
27,ALMM,Almere Muziekwijk,NL,46365.875,52.367500305176,5.1902775764465
28,AMPO,Almere Poort,NL,46365.875,52.342778,5.151944
29,WP,Weesp,NL,62722.6875,52.3127784729,5.0430555343628
30,DMNZ,Diemen Zuid,NL,29314.1875,52.330276489258,4.9558334350586
31,DVD,Duivendrecht,NL,109959.0625,52.323333740234,4.9363889694214
32,RAI,Amsterdam RAI,NL,28919.0625,52.337223052979,4.8902778625488
33,ASDZ,Amsterdam Zuid,NL,182434.1875,52.338889,4.872356
34,ES,Enschede,NL,39649.8125,52.222499847412,6.8899998664856
35,HGL,Hengelo,NL,45507.8125,52.261665344238,6.7938890457153
36,AML,Almelo,NL,56557.6875,52.358055114746,6.6538887023926
37,DV,Deventer,NL,96467.0625,52.257499694824,6.1605553627014
38,APD,Apeldoorn,NL,61375.125,52.209167480469,5.9702777862549
39,AMF,Amersfoort Centraal,NL,186802.4375,52.153888702393,5.3705554008484
40,GVC,Den Haag Centraal,NL,231232.5,52.080276489258,4.3249998092651
41,BRN,Baarn,NL,32570.5625,52.208332061768,5.2808332443237
42,HVS,Hilversum,NL,113518.6875,52.225833892822,5.1819443702698
43,HVSM,Hilversum Media Park,NL,29368.6875,52.238056182861,5.1738886833191
44,BSMZ,Bussum Zuid,NL,29368.6875,52.26583480835,5.1630554199219
45,NDB,Naarden-Bussum,NL,42789.3125,52.280277252197,5.1569442749023
46,DMN,Diemen,NL,33408.5,52.34515,4.967566
47,ASSP,Amsterdam Science Park,NL,33360.8125,52.35526,4.94651
48,ASDM,Amsterdam Muiderpoort,NL,56502.875,52.360553741455,4.9311113357544
49,DDR,Dordrecht,NL,145041.125,51.807220458984,4.668333530426
50,ZWD,Zwijndrecht,NL,27863.125,51.814998626709,4.6416668891907
51,BRD,Barendrecht,NL,27863.125,51.854721069336,4.5533332824707
52,RLB,Rotterdam Lombardijen,NL,27863.125,51.880001068115,4.531388759613
53,RTZ,Rotterdam Zuid,NL,27863.125,51.904445648193,4.5102777481079
54,RTB,Rotterdam Blaak,NL,95288.125,51.920276641846,4.4888887405395
55,SDM,Schiedam Centrum,NL,95760.375,51.921243812803,4.4089937210083
56,DTCP,Delft Campus,NL,27508.875,51.990833282471,4.3647222518921
57,RSW,Rijswijk,NL,27508.875,52.039722442627,4.3191666603088
58,GVMW,Den Haag Moerwijk,NL,27508.875,52.053890228271,4.3086109161377
59,AMR,Alkmaar,NL,81360.5,52.63777923584,4.7397222518921
60,HLO,Heiloo,NL,58426.4375,52.599445343018,4.7005553245544
61,CAS,Castricum,NL,80480.9375,52.545833587646,4.6586112976074
62,UTG,Uitgeest,NL,40159.6875,52.521667480469,4.7016668319702
63,HK,Heemskerk,NL,16588.4375,52.495277404785,4.6869444847107
64,BV,Beverwijk,NL,19546.4375,52.478332519531,4.6566667556763
65,DRH,Driehuis,NL,16588.4375,52.442501068115,4.6380553245544
66,SPTN,Santpoort Noord,NL,16588.4375,52.43388748169,4.6325001716614
67,SPTZ,Santpoort Zuid,NL,16588.4375,52.419723510742,4.6313886642456
68,BLL,Bloemendaal,NL,16588.4375,52.404167175293,4.6275000572205
69,HLM,Haarlem,NL,123455.25,52.38777923584,4.6383333206177
70,HLMS,Haarlem Spaarnwoude,NL,32543.3125,52.382778167725,4.6730556488037
71,HWZB,Halfweg-Zwanenburg,NL,32543.3125,52.385935,4.747165
72,KMA,Krommenie-Assendelft,NL,23571.25,52.49511,4.75417
73,WM,Wormerveer,NL,23571.25,52.489166259766,4.7922220230103
74,ZZS,Zaandijk Zaanse Schans,NL,23571.25,52.469165802002,4.8049998283386
75,KZ,Koog aan de Zaan,NL,23571.25,52.458610534668,4.8055553436279
76,ASA,Amsterdam Amstel,NL,112544.875,52.346668243408,4.9177780151367
77,ASB,Amsterdam Bijlmer ArenA,NL,89649.375,52.3122215271,4.9469442367554
78,ASHD,Amsterdam Holendrecht,NL,23094.375,52.29844,4.95972
79,AC,Abcoude,NL,23094.375,52.2785,4.977
80,BKL,Breukelen,NL,36297.0,52.17149,4.9906
81,WD,Woerden,NL,76725.875,52.084999084473,4.8936109542847
82,GDG,Gouda Goverwelle,NL,43388.8125,52.014999389648,4.7408332824707
83,NWK,Nieuwerkerk a/d IJssel,NL,20076.4375,51.965278625488,4.6169443130493
84,CPS,Capelle Schollevaar,NL,20076.4375,51.954166412354,4.5841665267944
85,RTA,Rotterdam Alexander,NL,74016.4375,51.951946258545,4.5536112785339
86,RTN,Rotterdam Noord,NL,20076.4375,51.942222595215,4.4816665649414
87,HDR,Den Helder,NL,40656.75,52.955276489258,4.7611112594605
88,HDRZ,Den Helder Zuid,NL,40656.75,52.932498931885,4.7641668319702
89,ANA,Anna Paulowna,NL,40656.75,52.867221832275,4.8111109733581
90,SGN,Schagen,NL,45369.25,52.784442901611,4.8052778244019
91,HWD,Heerhugowaard,NL,59457.5,52.669723510742,4.8227777481079
92,AMRN,Alkmaar Noord,NL,59457.5,52.643890380859,4.7641668319702
93,DB,Driebergen-Zeist,NL,55748.625,52.065277099609,5.25861120224
94,KLP,Veenendaal-De Klomp,NL,38628.0,52.045833587646,5.5738887786865
95,ED,Ede-Wageningen,NL,80491.5625,52.027778625488,5.6730556488037
96,AH,Arnhem Centraal,NL,143686.3125,51.985000610352,5.8991665840149
97,NM,Nijmegen,NL,131826.875,51.843612670898,5.8522224426269
98,GN,Groningen,NL,52905.375,53.210556030273,6.5647220611572
99,GERP,Groningen Europapark,NL,21164.875,53.20480027,6.5854178
100,HRN,Haren,NL,21164.875,53.176109313965,6.6172223091125
101,ASN,Assen,NL,52905.375,52.991664886475,6.5708332061768
102,BL,Beilen,NL,18549.4375,52.854721069336,6.5211110115051
103,HGV,Hoogeveen,NL,18201.4375,52.733890533447,6.4736108779907
104,MP,Meppel,NL,63428.5625,52.69083404541,6.1975002288818
105,ZL,Zwolle,NL,151348.5,52.504722595215,6.0919442176819
106,LW,Leeuwarden,NL,46198.625,53.195835113525,5.7922220230103
107,GW,Grou-Jirnsum,NL,14922.125,53.088890075684,5.8225002288818
108,AKM,Akkrum,NL,14922.125,53.046390533447,5.843611240387
109,HR,Heerenveen,NL,46198.625,52.961387634277,5.9141664505005
110,WV,Wolvega,NL,14922.125,52.880832672119,6.0036110877991
111,SWK,Steenwijk,NL,46198.625,52.791510992432,6.1145557632446
112,HT,'s-Hertogenbosch,NL,165765.8125,51.69048,5.29362
113,EHV,Eindhoven Centraal,NL,172151.75,51.443332672119,5.4813890457153
114,WT,Weert,NL,74788.25,51.248611450195,5.7036108970642
115,RM,Roermond,NL,54650.5,51.193054199219,5.9941668510437
116,STD,Sittard,NL,65467.5,51.001667022705,5.8586111068726
117,MT,Maastricht,NL,33973.5,50.850276947021,5.7055554389954
118,LAA,Den Haag Laan v NOI,NL,95572.25,52.078609466553,4.3427777290344
119,GVM,Den Haag Mariahoeve,NL,27277.25,52.090557098389,4.3694443702698
120,VST,Voorschoten,NL,27277.25,52.1252784729,4.4324998855591
121,DVNK,De Vink,NL,27277.25,52.147220611572,4.4563889503479
122,SSH,Sassenheim,NL,29096.1875,52.215278,4.517222
123,NVP,Nieuw Vennep,NL,29096.1875,52.258888244629,4.6455554962158
124,UTLR,Utrecht Leidsche Rijn,NL,26030.5625,52.09896,5.06523
125,UTT,Utrecht Terwijde,NL,26030.5625,52.1000753,5.0439547
126,VTN,Vleuten,NL,26030.5625,52.103056,5.007404
127,UTO,Utrecht Overvecht,NL,60099.875,52.110000610352,5.1247220039368
128,HOR,Hollandsche Rading,NL,17474.0625,52.17777633667,5.1791667938232
129,HVSP,Hilversum Sportpark,NL,28217.375,52.216110229492,5.1872220039368
130,EHS,Eindhoven Strijp-S,NL,38170.4375,51.451110839844,5.4558334350586
131,BET,Best,NL,39330.4375,51.509998321533,5.3891668319702
132,BTL,Boxtel,NL,39620.4375,51.58433,5.31912
133,VG,Vught,NL,16731.5,51.655555725098,5.2919445037842
134,HAD,Heemstede-Aerdenhout,NL,84753.25,52.35916519165,4.6066665649414
135,UTZL,Utrecht Zuilen,NL,20403.4375,52.103055,5.09
136,MAS,Maarssen,NL,20430.6875,52.135276794434,5.0336112976074
137,VB,Voorburg,NL,23312.375,52.066665649414,4.3594446182251
138,YPB,Den Haag Ypenburg,NL,23312.375,52.055278778076,4.39222240448
139,ZTM,Zoetermeer,NL,23312.375,52.047500610352,4.4772224426269
140,ZTMO,Zoetermeer Oost,NL,23312.375,52.046390533447,4.4927778244019
141,LLZM,Lansingerland-Zoetermeer,NL,23312.375,52.042222,4.517222
142,UTVR,Utrecht Vaartsche Rijn,NL,53895.4375,52.078889,5.121667
143,UTLN,Utrecht Lunetten,NL,34614.3125,52.06555557251,5.144166469574
144,HTN,Houten,NL,34614.3125,52.03402,5.16821
145,HTNC,Houten Castellum,NL,36698.9375,52.01701,5.17949
146,CL,Culemborg,NL,32529.6875,51.946666717529,5.2269444465637
147,GDM,Geldermalsen,NL,32529.6875,51.88301,5.27127
148,ZBM,Zaltbommel,NL,16336.375,51.80888748169,5.2633333206177
149,MZ,Maarheeze,NL,20137.75,51.30376236035,5.6303429603577
150,HZE,Heeze,NL,20137.75,51.384998321533,5.5694446563721
151,GP,Geldrop,NL,20137.75,51.419723510742,5.5505557060242
152,OT,Oisterwijk,NL,21438.9375,51.582221984863,5.1941666603088
153,TB,Tilburg,NL,108112.375,51.560554504395,5.0836110115051
154,TBU,Tilburg Universiteit,NL,38222.375,51.564985,5.051778
155,VS,Vlissingen,NL,36946.0,51.445835113525,3.5952777862549
156,VSS,Vlissingen Souburg,NL,35525.0,51.464721679688,3.5952777862549
157,MDB,Middelburg,NL,36946.0,51.494720458984,3.6172223091126
158,ARN,Arnemuiden,NL,35525.0,51.501667022705,3.6691665649414
159,GS,Goes,NL,36946.0,51.498054504395,3.8905556201935
160,BZL,Kapelle-Biezelinge,NL,35525.0,51.480834960938,3.9561111927033
161,KRG,Kruiningen-Yerseke,NL,35525.0,51.465000152588,4.0372223854065
162,KBD,Krabbendijke,NL,35525.0,51.433334350586,4.1169443130493
163,RB,Rilland-Bath,NL,35525.0,51.422779083252,4.1611108779907
164,BGN,Bergen op Zoom,NL,38396.0,51.49388885498,4.2961111068726
165,RSD,Roosendaal,NL,87265.3125,51.540279388428,4.4583334922791
166,ETN,Etten-Leur,NL,36554.5,51.57500076294,4.6358332633972
167,BD,Breda,NL,95739.0,51.595554351807,4.7800002098083
168,VH,Voorhout,NL,16922.25,52.224445343018,4.4844446182251
169,HIL,Hillegom,NL,16922.25,52.302501678467,4.5655555725098
170,WZ,Wezep,NL,15682.375,52.454166412354,6.0025000572205
171,HDE,'t Harde,NL,15682.375,52.4091682,5.893611
172,NS,Nunspeet,NL,15682.375,52.370834350586,5.7852778434753
173,HD,Harderwijk,NL,17072.875,52.337501525879,5.619722366333
174,EML,Ermelo,NL,15682.375,52.301666259766,5.6147222518921
175,PT,Putten,NL,15682.375,52.264999389648,5.5752778053284
176,NKK,Nijkerk,NL,17072.875,52.222221374512,5.4938888549805
177,AVAT,Amersfoort Vathorst,NL,29940.9375,52.192779541016,5.4338889122009
178,AMFS,Amersfoort Schothorst,NL,63218.4375,52.174822137451,5.4038887023926
179,DLD,Den Dolder,NL,31882.5,52.140277862549,5.2427778244019
180,BHV,Bilthoven,NL,31882.5,52.130001068115,5.2038888931274
181,O,Oss,NL,49976.125,51.765556335449,5.5322222709656
182,DR,Dieren,NL,47380.625,52.044998168945,6.1030554771423
183,ZP,Zutphen,NL,47800.25,52.145278930664,6.1941666603088
184,OST,Olst,NL,33422.5,52.334720611572,6.1130557060242
185,WH,Wijhe,NL,33422.5,52.390277862549,6.1405553817749
186,HTO,'s-Hertogenbosch Oost,NL,16091.125,51.700553894043,5.3183331489563
187,RS,Rosmalen,NL,16091.125,51.714721679688,5.3680553436279
188,OW,Oss West,NL,16091.125,51.758056640625,5.5055556297302
189,RVS,Ravenstein,NL,15164.625,51.794166564941,5.6358332633972
190,WC,Wijchen,NL,26146.375,51.811668395996,5.730833530426
191,NMD,Nijmegen Dukenburg,NL,26132.75,51.824165344238,5.7955555915833
192,NMGO,Nijmegen Goffert,NL,26132.75,51.8273,5.822722
193,NML,Nijmegen Lent,NL,28365.25,51.863154,5.859625
194,EST,Elst,NL,29829.75,51.916942596435,5.8550000190735
195,AHZ,Arnhem Zuid,NL,28350.75,51.955001831055,5.8519444465637
196,VL,Venlo,NL,32842.5,51.363609313965,6.1727776527405
197,BR,Blerick,NL,32842.5,51.372501373291,6.1550002098083
198,HRT,Horst-Sevenum,NL,32842.5,51.426387786865,6.0422220230103
199,DN,Deurne,NL,46549.25,51.455833435059,5.7888889312744
200,HM,Helmond,NL,46549.25,51.475555419922,5.6619443893433
201,HMBH,Helmond Brouwhuis,NL,13706.75,51.47068,5.70177
202,HMH,Helmond 't Hout,NL,13706.75,51.46794,5.63085
203,HMBV,Helmond Brandevoort,NL,13706.75,51.462223052979,5.6072220802307
204,TL,Tiel,NL,16050.25,51.889446258545,5.4222221374512
205,TPSW,Tiel Passewaaij,NL,16050.25,51.873889923096,5.39222240448
206,KPNZ,Kampen Zuid,NL,16505.5625,52.5331,5.91309
207,DRON,Dronten,NL,16505.5625,52.5344,5.72089
208,ODB,Oudenbosch,NL,13605.3125,51.587776184082,4.5333333015442
209,ZVB,Zevenbergen,NL,13605.3125,51.64042,4.60904
210,ZLW,Lage Zwaluwe,NL,30439.0,51.69111251831,4.6630554199219
211,DDZD,Dordrecht Zuid,NL,30439.0,51.790000915527,4.6713891029358
212,BNK,Bunnik,NL,19281.125,52.063056945801,5.1944446563721
213,MRN,Maarn,NL,19281.125,52.064167022705,5.3699998855591
214,VNDW,Veenendaal West,NL,19252.125,52.028057098389,5.531388759613
215,VNDC,Veenendaal Centrum,NL,19252.125,52.020000457764,5.548611164093
216,RHN,Rhenen,NL,16356.8125,51.958610534668,5.5783333778381
217,BDPB,Breda-Prinsenbeek,NL,16833.6875,51.606388092041,4.7208333015442
218,OVN,Overveen,NL,16799.625,52.391109466553,4.6061110496521
219,ZVT,Zandvoort aan Zee,NL,16799.625,52.3752784729,4.5327777862549
220,TBR,Tilburg Reeshof,NL,16783.4375,51.573612213135,4.9944443702698
221,GZ,Gilze-Rijen,NL,16783.4375,51.583610534668,4.9261112213135
222,BMN,Brummen,NL,14639.625,52.091110229492,6.1469445228577
223,RH,Rheden,NL,14639.625,52.0101,6.0314
224,VP,Velp,NL,14639.625,51.994720458984,5.9802780151367
225,AHPR,Arnhem Presikhaaf,NL,14639.625,51.988056182861,5.9438886642456
226,AHP,Arnhem Velperpoort,NL,14639.625,51.985279083252,5.9194445610046
227,HRL,Heerlen,NL,31494.0,50.89083480835,5.9749999046326
228,OTB,Oosterbeek,NL,12979.5625,51.994998931885,5.8400001525879
229,WF,Wolfheze,NL,12979.5625,52.005554199219,5.7936110496521
230,OBD,Obdam,NL,14061.0,52.67805480957,4.9072222709656
231,SD,Soestdijk,NL,16050.25,52.183612823486,5.3000001907349
232,ST,Soest,NL,16050.25,52.173332214355,5.3099999427795
233,STZ,Soest Zuid,NL,16050.25,52.165279388428,5.3030557632446
234,LDL,Leiden Lammenschans,NL,39244.9375,52.146945953369,4.4924998283386
235,APN,Alphen a/d Rijn,NL,39244.9375,52.124443054199,4.6577777862549
236,BDG,Bodegraven,NL,34829.0,52.081390380859,4.7461109161377
237,WDN,Wierden,NL,14217.6875,52.361389160156,6.5916666984558
238,RSN,Rijssen,NL,14217.6875,52.3122215271,6.5202779769897
239,HON,Holten,NL,14217.6875,52.283889770508,6.42027759552
240,DVC,Deventer Colmschate,NL,14217.6875,52.2502784729,6.2144446372986
241,TWL,Twello,NL,13148.125,52.237777709961,6.0986108779907
242,APDO,Apeldoorn Osseveld,NL,13148.125,52.215278625488,6.0044445991516
251,AMRI,Almelo de Riet,NL,3978.5,52.341945648193,6.6666665077209
252,BN,Borne,NL,3978.5,52.298889160156,6.7480554580689
253,ESK,Enschede Kennispark,NL,3747.25,52.23749923706,6.8388891220093
